,tokens_read,tokens_written,seconds,overflow
0,1836,2171,17.628456830978394,True
1,1836,2171,15.219422817230225,True
2,1836,2171,13.0655038356781,True
3,1836,2171,13.402185440063477,True
4,1727,270,3.4271233081817627,False
5,1012,1031,7.626051425933838,False
