,tokens_read,tokens_written,seconds,overflow
0,976,1814,16.259400606155396,False
1,832,125,1.5487210750579834,False
2,1091,1464,9.750736236572266,False
3,947,1282,10.156845808029175,False
