,tokens_read,tokens_written,seconds,overflow
0,717,15,0.7370781898498535,False
1,717,15,0.43627214431762695,False
2,727,235,2.6440134048461914,False
3,407,50,0.7993340492248535,False
