,tokens_read,tokens_written,seconds,overflow
0,1181,91,1.6686780452728271,False
1,1083,85,1.5854449272155762,False
2,1049,37,3.3487374782562256,False
3,951,30,1.406505823135376,False
