,tokens_read,tokens_written,seconds,overflow
0,3052,837,6.95883846282959,False
1,3058,354,4.606068134307861,False
2,3058,949,7.108575105667114,True
