,tokens_read,tokens_written,seconds,overflow
0,1423,125,1.9081122875213623,False
1,1389,97,1.551621913909912,False
2,1626,25,1.5782570838928223,False
3,1592,396,5.2139599323272705,False
4,848,25,1.3695905208587646,False
5,814,31,0.9034872055053711,False
